id,nombre,identificacion,correo,telefono
1,Mtro. Jacinto Granados,89359014,equinones@hotmail.com,369.107.1573
2,Josefina Madrid Aponte,87040564,villamayte@corral-mercado.org,04758291663
3,Jacobo Wendolin Perea Barrera,87040564,(907)581-6502x9428,369.107.1573
4,Dr. Mariana Valencia,89359014,equinones@hotmail.com,04758291663
5,Sr(a). Gabriela Leal,87040564,villamayte@corral-mercado.org,(907)581-6502x9428
6,Amelia Cano Ba√±uelos,89359014,equinones@hotmail.com,369.107.1573
7,Dr. Mariana Valencia,87040564,villamayte@corral-mercado.org,04758291663
8,Mtro. Jacinto Granados,89359014,equinones@hotmail.com,(907)581-6502x9428
9,Josefina Madrid Aponte,87040564,villamayte@corral-mercado.org,369.107.1573
10,Jacobo Wendolin Perea Barrera,87040564,equinones@hotmail.com,04758291663 